"Date","Overall AQI Value","Main Pollutant","Site Name (of Overall AQI)","Site ID (of Overall AQI)","Source (of Overall AQI)","Ozone","PM25"
"01/01/2015","52","PM2.5","RICHMOND POST OFFICE","36-085-0055","AQS",".","52"
"01/02/2015","56","PM2.5","FRESHKILLS WEST","36-085-0111","AQS",".","56"
"01/03/2015","50","PM2.5","RICHMOND POST OFFICE","36-085-0055","AQS",".","50"
"01/04/2015","41","PM2.5","RICHMOND POST OFFICE","36-085-0055","AQS",".","41"
"01/05/2015","40","PM2.5","RICHMOND POST OFFICE","36-085-0055","AQS",".","40"
"01/06/2015","45","PM2.5","RICHMOND POST OFFICE","36-085-0055","AQS",".","45"
"01/07/2015","52","PM2.5","RICHMOND POST OFFICE","36-085-0055","AQS",".","52"
"01/08/2015","41","PM2.5","RICHMOND POST OFFICE","36-085-0055","AQS",".","41"
"01/09/2015","44","PM2.5","RICHMOND POST OFFICE","36-085-0055","AQS",".","44"
"01/10/2015","52","PM2.5","RICHMOND POST OFFICE","36-085-0055","AQS",".","52"
"01/11/2015","55","PM2.5","RICHMOND POST OFFICE","36-085-0055","AQS",".","55"
"01/12/2015","55","PM2.5","RICHMOND POST OFFICE","36-085-0055","AQS",".","55"
"01/13/2015","48","PM2.5","RICHMOND POST OFFICE","36-085-0055","AQS",".","48"
"01/14/2015","55","PM2.5","FRESHKILLS WEST","36-085-0111","AQS",".","55"
"01/15/2015","60","PM2.5","RICHMOND POST OFFICE","36-085-0055","AQS",".","60"
"01/16/2015","59","PM2.5","RICHMOND POST OFFICE","36-085-0055","AQS",".","59"
"01/17/2015","35","PM2.5","RICHMOND POST OFFICE","36-085-0055","AQS",".","35"
"01/18/2015","56","PM2.5","RICHMOND POST OFFICE","36-085-0055","AQS",".","56"
"01/19/2015","41","PM2.5","RICHMOND POST OFFICE","36-085-0055","AQS",".","41"
"01/20/2015","39","PM2.5","RICHMOND POST OFFICE","36-085-0055","AQS",".","39"
"01/21/2015","49","PM2.5","RICHMOND POST OFFICE","36-085-0055","AQS",".","49"
"01/22/2015","56","PM2.5","RICHMOND POST OFFICE","36-085-0055","AQS",".","56"
"01/23/2015","56","PM2.5","RICHMOND POST OFFICE","36-085-0055","AQS",".","56"
"01/24/2015","55","PM2.5","RICHMOND POST OFFICE","36-085-0055","AQS",".","55"
"01/25/2015","41","PM2.5","RICHMOND POST OFFICE","36-085-0055","AQS",".","41"
"01/26/2015","38","PM2.5","RICHMOND POST OFFICE","36-085-0055","AQS",".","38"
"01/27/2015","33","PM2.5","RICHMOND POST OFFICE","36-085-0055","AQS",".","33"
"01/28/2015","36","PM2.5","RICHMOND POST OFFICE","36-085-0055","AQS",".","36"
"01/29/2015","43","PM2.5","RICHMOND POST OFFICE","36-085-0055","AQS",".","43"
"01/30/2015","39","PM2.5","RICHMOND POST OFFICE","36-085-0055","AQS",".","39"
"01/31/2015","29","PM2.5","RICHMOND POST OFFICE","36-085-0055","AQS",".","29"
"02/01/2015","54","PM2.5","RICHMOND POST OFFICE","36-085-0055","AQS",".","54"
"02/02/2015","39","PM2.5","RICHMOND POST OFFICE","36-085-0055","AQS",".","39"
"02/03/2015","47","PM2.5","RICHMOND POST OFFICE","36-085-0055","AQS",".","47"
"02/04/2015","56","PM2.5","RICHMOND POST OFFICE","36-085-0055","AQS",".","56"
"02/05/2015","41","PM2.5","RICHMOND POST OFFICE","36-085-0055","AQS",".","41"
"02/06/2015","52","PM2.5","RICHMOND POST OFFICE","36-085-0055","AQS",".","52"
"02/07/2015","59","PM2.5","RICHMOND POST OFFICE","36-085-0055","AQS",".","59"
"02/08/2015","83","PM2.5","RICHMOND POST OFFICE","36-085-0055","AQS",".","83"
"02/09/2015","40","PM2.5","RICHMOND POST OFFICE","36-085-0055","AQS",".","40"
"02/10/2015","30","PM2.5","RICHMOND POST OFFICE","36-085-0055","AQS",".","30"
"02/11/2015","40","PM2.5","RICHMOND POST OFFICE","36-085-0055","AQS",".","40"
"02/12/2015","47","PM2.5","RICHMOND POST OFFICE","36-085-0055","AQS",".","47"
"02/13/2015","31","PM2.5","FRESHKILLS WEST","36-085-0111","AQS",".","31"
"02/14/2015","45","PM2.5","RICHMOND POST OFFICE","36-085-0055","AQS",".","45"
"02/15/2015","41","PM2.5","FRESHKILLS WEST","36-085-0111","AQS",".","41"
"02/16/2015","28","PM2.5","FRESHKILLS WEST","36-085-0111","AQS",".","28"
"02/17/2015","48","PM2.5","RICHMOND POST OFFICE","36-085-0055","AQS",".","48"
"02/18/2015","58","PM2.5","FRESHKILLS WEST","36-085-0111","AQS",".","58"
"02/19/2015","40","PM2.5","RICHMOND POST OFFICE","36-085-0055","AQS",".","40"
"02/20/2015","48","PM2.5","RICHMOND POST OFFICE","36-085-0055","AQS",".","48"
"02/21/2015","45","PM2.5","RICHMOND POST OFFICE","36-085-0055","AQS",".","45"
"02/22/2015","61","PM2.5","RICHMOND POST OFFICE","36-085-0055","AQS",".","61"
"02/23/2015","46","PM2.5","RICHMOND POST OFFICE","36-085-0055","AQS",".","46"
"02/24/2015","32","PM2.5","RICHMOND POST OFFICE","36-085-0055","AQS",".","32"
"02/25/2015","55","PM2.5","RICHMOND POST OFFICE","36-085-0055","AQS",".","55"
"02/26/2015","38","PM2.5","RICHMOND POST OFFICE","36-085-0055","AQS",".","38"
"02/27/2015","60","PM2.5","FRESHKILLS WEST","36-085-0111","AQS",".","60"
"02/28/2015","42","PM2.5","FRESHKILLS WEST","36-085-0111","AQS",".","42"
"03/01/2015","55","PM2.5","RICHMOND POST OFFICE","36-085-0055","AQS",".","55"
"03/02/2015","56","PM2.5","RICHMOND POST OFFICE","36-085-0055","AQS",".","56"
"03/03/2015","30","PM2.5","RICHMOND POST OFFICE","36-085-0055","AQS",".","30"
"03/04/2015","71","PM2.5","RICHMOND POST OFFICE","36-085-0055","AQS",".","71"
"03/05/2015","46","PM2.5","RICHMOND POST OFFICE","36-085-0055","AQS",".","46"
"03/06/2015","43","PM2.5","RICHMOND POST OFFICE","36-085-0055","AQS",".","43"
"03/07/2015","63","PM2.5","RICHMOND POST OFFICE","36-085-0055","AQS",".","63"
"03/08/2015","57","PM2.5","RICHMOND POST OFFICE","36-085-0055","AQS",".","57"
"03/09/2015","54","PM2.5","RICHMOND POST OFFICE","36-085-0055","AQS",".","54"
"03/10/2015","66","PM2.5","RICHMOND POST OFFICE","36-085-0055","AQS",".","66"
"03/11/2015","48","PM2.5","RICHMOND POST OFFICE","36-085-0055","AQS",".","48"
"03/12/2015","21","PM2.5","RICHMOND POST OFFICE","36-085-0055","AQS",".","21"
"03/13/2015","24","PM2.5","RICHMOND POST OFFICE","36-085-0055","AQS",".","24"
"03/14/2015","16","PM2.5","RICHMOND POST OFFICE","36-085-0055","AQS",".","16"
"03/15/2015","25","PM2.5","RICHMOND POST OFFICE","36-085-0055","AQS",".","25"
"03/16/2015","39","PM2.5","RICHMOND POST OFFICE","36-085-0055","AQS",".","39"
"03/17/2015","47","PM2.5","RICHMOND POST OFFICE","36-085-0055","AQS",".","47"
"03/18/2015","22","PM2.5","RICHMOND POST OFFICE","36-085-0055","AQS",".","22"
"03/19/2015","25","PM2.5","RICHMOND POST OFFICE","36-085-0055","AQS","8","25"
"03/20/2015","29","PM2.5","RICHMOND POST OFFICE","36-085-0055","AQS","8","29"
"03/21/2015","47","PM2.5","RICHMOND POST OFFICE","36-085-0055","AQS","33","47"
"03/22/2015","37","Ozone","SUSAN WAGNER HS","36-085-0067","AQS","37","24"
"03/23/2015","36","Ozone","SUSAN WAGNER HS","36-085-0067","AQS","36","26"
"03/24/2015","39","PM2.5","RICHMOND POST OFFICE","36-085-0055","AQS","25","39"
"03/25/2015","53","PM2.5","RICHMOND POST OFFICE","36-085-0055","AQS","30","53"
"03/26/2015","50","PM2.5","RICHMOND POST OFFICE","36-085-0055","AQS","20","50"
"03/27/2015","24","PM2.5","RICHMOND POST OFFICE","36-085-0055","AQS","24","24"
"03/28/2015","35","Ozone","SUSAN WAGNER HS","36-085-0067","AQS","35","18"
"03/29/2015","43","Ozone","SUSAN WAGNER HS","36-085-0067","AQS","43","16"
"03/30/2015","37","Ozone","SUSAN WAGNER HS","36-085-0067","AQS","37","23"
"03/31/2015","31","Ozone","SUSAN WAGNER HS","36-085-0067","AQS","31","20"
"04/01/2015","44","Ozone","SUSAN WAGNER HS","36-085-0067","AQS","44","31"
"04/02/2015","58","Ozone","SUSAN WAGNER HS","36-085-0067","AQS","58","41"
"04/03/2015","52","PM2.5","RICHMOND POST OFFICE","36-085-0055","AQS","38","52"
"04/04/2015","38","Ozone","SUSAN WAGNER HS","36-085-0067","AQS","38","20"
"04/05/2015","46","Ozone","SUSAN WAGNER HS","36-085-0067","AQS","46","28"
"04/06/2015","46","PM2.5","RICHMOND POST OFFICE","36-085-0055","AQS","44","46"
"04/07/2015","51","PM2.5","RICHMOND POST OFFICE","36-085-0055","AQS","35","51"
"04/08/2015","32","Ozone","SUSAN WAGNER HS","36-085-0067","AQS","32","31"
"04/09/2015","39","Ozone","SUSAN WAGNER HS","36-085-0067","AQS","39","23"
"04/10/2015","28","Ozone","SUSAN WAGNER HS","36-085-0067","AQS","28","23"
"04/11/2015","44","Ozone","SUSAN WAGNER HS","36-085-0067","AQS","44","24"
"04/12/2015","45","Ozone","SUSAN WAGNER HS","36-085-0067","AQS","45","30"
"04/13/2015","48","Ozone","SUSAN WAGNER HS","36-085-0067","AQS","48","31"
"04/14/2015","35","Ozone","SUSAN WAGNER HS","36-085-0067","AQS","35","30"
"04/15/2015","44","Ozone","SUSAN WAGNER HS","36-085-0067","AQS","44","20"
"04/16/2015","44","Ozone","SUSAN WAGNER HS","36-085-0067","AQS","44","21"
"04/17/2015","40","Ozone","SUSAN WAGNER HS","36-085-0067","AQS","40","34"
"04/18/2015","84","Ozone","SUSAN WAGNER HS","36-085-0067","AQS","84","39"
"04/19/2015","39","Ozone","SUSAN WAGNER HS","36-085-0067","AQS","39","18"
"04/20/2015","44","Ozone","SUSAN WAGNER HS","36-085-0067","AQS","44","20"
"04/21/2015","44","Ozone","SUSAN WAGNER HS","36-085-0067","AQS","44","22"
"04/22/2015","46","Ozone","SUSAN WAGNER HS","36-085-0067","AQS","46","28"
"04/23/2015","35","Ozone","SUSAN WAGNER HS","36-085-0067","AQS","35","11"
"04/24/2015","38","Ozone","SUSAN WAGNER HS","36-085-0067","AQS","38","13"
"04/25/2015","38","Ozone","SUSAN WAGNER HS","36-085-0067","AQS","38","13"
"04/26/2015","41","Ozone","SUSAN WAGNER HS","36-085-0067","AQS","41","13"
"04/27/2015","35","Ozone","SUSAN WAGNER HS","36-085-0067","AQS","35","12"
"04/28/2015","44","Ozone","SUSAN WAGNER HS","36-085-0067","AQS","44","20"
"04/29/2015","48","Ozone","SUSAN WAGNER HS","36-085-0067","AQS","48","29"
"04/30/2015","35","Ozone","SUSAN WAGNER HS","36-085-0067","AQS","35","18"
"05/01/2015","39","Ozone","SUSAN WAGNER HS","36-085-0067","AQS","39","15"
"05/02/2015","38","Ozone","SUSAN WAGNER HS","36-085-0067","AQS","38","27"
"05/03/2015","48","Ozone","SUSAN WAGNER HS","36-085-0067","AQS","48","31"
"05/04/2015","93","Ozone","SUSAN WAGNER HS","36-085-0067","AQS","93","54"
"05/05/2015","115","Ozone","SUSAN WAGNER HS","36-085-0067","AQS","115","61"
"05/06/2015","46","Ozone","SUSAN WAGNER HS","36-085-0067","AQS","46","37"
"05/07/2015","67","Ozone","SUSAN WAGNER HS","36-085-0067","AQS","67","50"
"05/08/2015","80","Ozone","SUSAN WAGNER HS","36-085-0067","AQS","80","55"
"05/09/2015","60","PM2.5","RICHMOND POST OFFICE","36-085-0055","AQS","32","60"
"05/10/2015","52","PM2.5","RICHMOND POST OFFICE","36-085-0055","AQS","25","52"
"05/11/2015","67","PM2.5","RICHMOND POST OFFICE","36-085-0055","AQS","26","67"
"05/12/2015","71","Ozone","SUSAN WAGNER HS","36-085-0067","AQS","71","42"
"05/13/2015","33","Ozone","SUSAN WAGNER HS","36-085-0067","AQS","33","8"
"05/14/2015","50","Ozone","SUSAN WAGNER HS","36-085-0067","AQS","50","16"
"05/15/2015","67","Ozone","SUSAN WAGNER HS","36-085-0067","AQS","67","30"
"05/16/2015","54","PM2.5","RICHMOND POST OFFICE","36-085-0055","AQS","42","54"
"05/17/2015","108","Ozone","SUSAN WAGNER HS","36-085-0067","AQS","108","58"
"05/18/2015","47","PM2.5","RICHMOND POST OFFICE","36-085-0055","AQS","39","47"
"05/19/2015","44","PM2.5","RICHMOND POST OFFICE","36-085-0055","AQS","39","44"
"05/20/2015","33","Ozone","SUSAN WAGNER HS","36-085-0067","AQS","33","0"
"05/21/2015","35","Ozone","SUSAN WAGNER HS","36-085-0067","AQS","35","20"
"05/22/2015","51","Ozone","SUSAN WAGNER HS","36-085-0067","AQS","51","26"
"05/23/2015","46","Ozone","SUSAN WAGNER HS","36-085-0067","AQS","46","20"
"05/24/2015","100","Ozone","SUSAN WAGNER HS","36-085-0067","AQS","100","42"
"05/25/2015","74","Ozone","SUSAN WAGNER HS","36-085-0067","AQS","74","51"
"05/26/2015","71","Ozone","SUSAN WAGNER HS","36-085-0067","AQS","71","44"
"05/27/2015","41","PM2.5","RICHMOND POST OFFICE","36-085-0055","AQS","39","41"
"05/28/2015","51","PM2.5","RICHMOND POST OFFICE","36-085-0055","AQS","47","51"
"05/29/2015","40","Ozone","SUSAN WAGNER HS","36-085-0067","AQS","40","16"
"05/30/2015","31","Ozone","SUSAN WAGNER HS","36-085-0067","AQS","31","29"
"05/31/2015","32","Ozone","SUSAN WAGNER HS","36-085-0067","AQS","32","31"
"06/01/2015","19","Ozone","SUSAN WAGNER HS","36-085-0067","AQS","19","0"
"06/02/2015","12","PM2.5","RICHMOND POST OFFICE","36-085-0055","AQS","9","12"
"06/03/2015","28","Ozone","SUSAN WAGNER HS","36-085-0067","AQS","28","12"
"06/04/2015","31","Ozone","SUSAN WAGNER HS","36-085-0067","AQS","31","10"
"06/05/2015","35","PM2.5","RICHMOND POST OFFICE","36-085-0055","AQS","30","35"
"06/06/2015","42","Ozone","SUSAN WAGNER HS","36-085-0067","AQS","42","26"
"06/07/2015","39","Ozone","SUSAN WAGNER HS","36-085-0067","AQS","39","22"
"06/08/2015","44","Ozone","SUSAN WAGNER HS","36-085-0067","AQS","44","29"
"06/09/2015","71","Ozone","SUSAN WAGNER HS","36-085-0067","AQS","71","30"
"06/10/2015","93","Ozone","SUSAN WAGNER HS","36-085-0067","AQS","93","47"
"06/11/2015","133","Ozone","SUSAN WAGNER HS","36-085-0067","AQS","133","85"
"06/12/2015","67","PM2.5","FRESHKILLS WEST","36-085-0111","AQS","61","67"
"06/13/2015","48","Ozone","SUSAN WAGNER HS","36-085-0067","AQS","48","."
"06/14/2015","100","Ozone","SUSAN WAGNER HS","36-085-0067","AQS","100","36"
"06/15/2015","35","Ozone","SUSAN WAGNER HS","36-085-0067","AQS","35","28"
"06/16/2015","34","PM2.5","FRESHKILLS WEST","36-085-0111","AQS","29","34"
"06/17/2015","33","Ozone","SUSAN WAGNER HS","36-085-0067","AQS","33","30"
"06/18/2015","38","Ozone","SUSAN WAGNER HS","36-085-0067","AQS","38","."
"06/19/2015","44","Ozone","SUSAN WAGNER HS","36-085-0067","AQS","44","40"
"06/20/2015","37","Ozone","SUSAN WAGNER HS","36-085-0067","AQS","37","32"
"06/21/2015","37","Ozone","SUSAN WAGNER HS","36-085-0067","AQS","37","33"
"06/22/2015","67","Ozone","SUSAN WAGNER HS","36-085-0067","AQS","67","33"
"06/23/2015","67","Ozone","SUSAN WAGNER HS","36-085-0067","AQS","67","64"
"06/24/2015","43","Ozone","SUSAN WAGNER HS","36-085-0067","AQS","43","14"
"06/25/2015","44","Ozone","SUSAN WAGNER HS","36-085-0067","AQS","44","26"
"06/26/2015","71","Ozone","SUSAN WAGNER HS","36-085-0067","AQS","71","45"
"06/27/2015","38","Ozone","SUSAN WAGNER HS","36-085-0067","AQS","38","10"
"06/28/2015","34","Ozone","SUSAN WAGNER HS","36-085-0067","AQS","34","5"
"06/29/2015","38","Ozone","SUSAN WAGNER HS","36-085-0067","AQS","38","8"
"06/30/2015","43","Ozone","SUSAN WAGNER HS","36-085-0067","AQS","43","42"
"07/01/2015","84","Ozone","SUSAN WAGNER HS","36-085-0067","AQS","84","61"
"07/02/2015","55","PM2.5","RICHMOND POST OFFICE","36-085-0055","AQS","31","55"
"07/03/2015","84","Ozone","SUSAN WAGNER HS","36-085-0067","AQS","84","28"
"07/04/2015","53","PM2.5","RICHMOND POST OFFICE","36-085-0055","AQS","47","53"
"07/05/2015","56","PM2.5","RICHMOND POST OFFICE","36-085-0055","AQS","51","56"
"07/06/2015","40","Ozone","SUSAN WAGNER HS","36-085-0067","AQS","40","39"
"07/07/2015","57","PM2.5","RICHMOND POST OFFICE","36-085-0055","AQS","47","57"
"07/08/2015","63","PM2.5","RICHMOND POST OFFICE","36-085-0055","AQS","37","63"
"07/09/2015","47","PM2.5","RICHMOND POST OFFICE","36-085-0055","AQS","37","47"
"07/10/2015","44","Ozone","SUSAN WAGNER HS","36-085-0067","AQS","44","."
"07/11/2015","71","Ozone","SUSAN WAGNER HS","36-085-0067","AQS","71","53"
"07/12/2015","77","Ozone","SUSAN WAGNER HS","36-085-0067","AQS","77","46"
"07/13/2015","47","Ozone","SUSAN WAGNER HS","36-085-0067","AQS","47","43"
"07/14/2015","45","PM2.5","RICHMOND POST OFFICE","36-085-0055","AQS","34","45"
"07/15/2015","39","PM2.5","FRESHKILLS WEST","36-085-0111","AQS","31","39"
"07/16/2015","46","Ozone","SUSAN WAGNER HS","36-085-0067","AQS","46","20"
"07/17/2015","43","Ozone","SUSAN WAGNER HS","36-085-0067","AQS","43","24"
"07/18/2015","54","PM2.5","RICHMOND POST OFFICE","36-085-0055","AQS","46","54"
"07/19/2015","108","Ozone","SUSAN WAGNER HS","36-085-0067","AQS","108","72"
"07/20/2015","84","Ozone","SUSAN WAGNER HS","36-085-0067","AQS","84","70"
"07/21/2015","64","Ozone","SUSAN WAGNER HS","36-085-0067","AQS","64","."
"07/22/2015","40","Ozone","SUSAN WAGNER HS","36-085-0067","AQS","40","2"
"07/23/2015","44","Ozone","SUSAN WAGNER HS","36-085-0067","AQS","44","25"
"07/24/2015","87","Ozone","SUSAN WAGNER HS","36-085-0067","AQS","87","25"
"07/25/2015","74","Ozone","SUSAN WAGNER HS","36-085-0067","AQS","74","39"
"07/26/2015","64","Ozone","SUSAN WAGNER HS","36-085-0067","AQS","64","43"
"07/27/2015","50","Ozone","SUSAN WAGNER HS","36-085-0067","AQS","50","40"
"07/28/2015","129","Ozone","SUSAN WAGNER HS","36-085-0067","AQS","129","58"
"07/29/2015","100","Ozone","SUSAN WAGNER HS","36-085-0067","AQS","100","66"
"07/30/2015","55","PM2.5","RICHMOND POST OFFICE","36-085-0055","AQS","40","55"
"07/31/2015","43","Ozone","SUSAN WAGNER HS","36-085-0067","AQS","43","."
"08/01/2015","58","Ozone","SUSAN WAGNER HS","36-085-0067","AQS","58","41"
"08/02/2015","74","Ozone","SUSAN WAGNER HS","36-085-0067","AQS","74","39"
"08/03/2015","80","Ozone","SUSAN WAGNER HS","36-085-0067","AQS","80","41"
"08/04/2015","71","Ozone","SUSAN WAGNER HS","36-085-0067","AQS","71","35"
"08/05/2015","64","Ozone","SUSAN WAGNER HS","36-085-0067","AQS","64","35"
"08/06/2015","49","Ozone","SUSAN WAGNER HS","36-085-0067","AQS","49","14"
"08/07/2015","40","Ozone","SUSAN WAGNER HS","36-085-0067","AQS","40","23"
"08/08/2015","44","Ozone","SUSAN WAGNER HS","36-085-0067","AQS","44","16"
"08/09/2015","41","Ozone","SUSAN WAGNER HS","36-085-0067","AQS","41","21"
"08/10/2015","31","Ozone","SUSAN WAGNER HS","36-085-0067","AQS","31","17"
"08/11/2015","37","PM2.5","RICHMOND POST OFFICE","36-085-0055","AQS","33","37"
"08/12/2015","38","Ozone","SUSAN WAGNER HS","36-085-0067","AQS","38","17"
"08/13/2015","44","Ozone","SUSAN WAGNER HS","36-085-0067","AQS","44","17"
"08/14/2015","74","Ozone","SUSAN WAGNER HS","36-085-0067","AQS","74","33"
"08/15/2015","115","Ozone","SUSAN WAGNER HS","36-085-0067","AQS","115","56"
"08/16/2015","105","Ozone","SUSAN WAGNER HS","36-085-0067","AQS","105","58"
"08/17/2015","112","Ozone","SUSAN WAGNER HS","36-085-0067","AQS","112","60"
"08/18/2015","47","PM2.5","RICHMOND POST OFFICE","36-085-0055","AQS","47","47"
"08/19/2015","24","PM2.5","RICHMOND POST OFFICE","36-085-0055","AQS","23","24"
"08/20/2015","24","Ozone","SUSAN WAGNER HS","36-085-0067","AQS","24","11"
"08/21/2015","77","Ozone","SUSAN WAGNER HS","36-085-0067","AQS","77","10"
"08/22/2015","67","Ozone","SUSAN WAGNER HS","36-085-0067","AQS","67","24"
"08/23/2015","40","Ozone","SUSAN WAGNER HS","36-085-0067","AQS","40","31"
"08/24/2015","93","Ozone","SUSAN WAGNER HS","36-085-0067","AQS","93","35"
"08/25/2015","100","Ozone","SUSAN WAGNER HS","36-085-0067","AQS","100","44"
"08/26/2015","48","Ozone","SUSAN WAGNER HS","36-085-0067","AQS","48","23"
"08/27/2015","35","Ozone","SUSAN WAGNER HS","36-085-0067","AQS","35","18"
"08/28/2015","39","Ozone","SUSAN WAGNER HS","36-085-0067","AQS","39","19"
"08/29/2015","84","Ozone","SUSAN WAGNER HS","36-085-0067","AQS","84","43"
"08/30/2015","84","Ozone","SUSAN WAGNER HS","36-085-0067","AQS","84","57"
"08/31/2015","77","Ozone","SUSAN WAGNER HS","36-085-0067","AQS","77","68"
"09/01/2015","72","PM2.5","RICHMOND POST OFFICE","36-085-0055","AQS","61","72"
"09/02/2015","77","Ozone","SUSAN WAGNER HS","36-085-0067","AQS","77","72"
"09/03/2015","136","Ozone","SUSAN WAGNER HS","36-085-0067","AQS","136","94"
"09/04/2015","66","PM2.5","RICHMOND POST OFFICE","36-085-0055","AQS","37","66"
"09/05/2015","31","Ozone","SUSAN WAGNER HS","36-085-0067","AQS","31","8"
"09/06/2015","36","Ozone","SUSAN WAGNER HS","36-085-0067","AQS","36","30"
"09/07/2015","84","Ozone","SUSAN WAGNER HS","36-085-0067","AQS","84","40"
"09/08/2015","97","Ozone","SUSAN WAGNER HS","36-085-0067","AQS","97","51"
"09/09/2015","35","PM2.5","RICHMOND POST OFFICE","36-085-0055","AQS","35","35"
"09/10/2015","26","PM2.5","FRESHKILLS WEST","36-085-0111","AQS","18","26"
"09/11/2015","36","Ozone","SUSAN WAGNER HS","36-085-0067","AQS","36","0"
"09/12/2015","39","Ozone","SUSAN WAGNER HS","36-085-0067","AQS","39","22"
"09/13/2015","26","Ozone","SUSAN WAGNER HS","36-085-0067","AQS","26","12"
"09/14/2015","29","Ozone","SUSAN WAGNER HS","36-085-0067","AQS","29","13"
"09/15/2015","64","Ozone","SUSAN WAGNER HS","36-085-0067","AQS","64","39"
"09/16/2015","90","Ozone","SUSAN WAGNER HS","36-085-0067","AQS","90","54"
"09/17/2015","150","Ozone","SUSAN WAGNER HS","36-085-0067","AQS","150","59"
"09/18/2015","97","Ozone","SUSAN WAGNER HS","36-085-0067","AQS","97","60"
"09/19/2015","41","Ozone","SUSAN WAGNER HS","36-085-0067","AQS","41","37"
"09/20/2015","31","Ozone","SUSAN WAGNER HS","36-085-0067","AQS","31","."
"09/21/2015","32","Ozone","SUSAN WAGNER HS","36-085-0067","AQS","32","15"
"09/22/2015","23","PM2.5","FRESHKILLS WEST","36-085-0111","AQS","23","23"
"09/23/2015","42","Ozone","SUSAN WAGNER HS","36-085-0067","AQS","42","26"
"09/24/2015","45","Ozone","SUSAN WAGNER HS","36-085-0067","AQS","45","34"
"09/25/2015","27","Ozone","SUSAN WAGNER HS","36-085-0067","AQS","27","25"
"09/26/2015","32","Ozone","SUSAN WAGNER HS","36-085-0067","AQS","32","20"
"09/27/2015","29","Ozone","SUSAN WAGNER HS","36-085-0067","AQS","29","20"
"09/28/2015","34","PM2.5","RICHMOND POST OFFICE","36-085-0055","AQS","29","34"
"09/29/2015","28","PM2.5","RICHMOND POST OFFICE","36-085-0055","AQS","27","28"
"09/30/2015","21","Ozone","SUSAN WAGNER HS","36-085-0067","AQS","21","8"
"10/01/2015","13","Ozone","SUSAN WAGNER HS","36-085-0067","AQS","13","11"
"10/02/2015","15","Ozone","SUSAN WAGNER HS","36-085-0067","AQS","15","3"
"10/03/2015","18","Ozone","SUSAN WAGNER HS","36-085-0067","AQS","18","10"
"10/04/2015","29","Ozone","SUSAN WAGNER HS","36-085-0067","AQS","29","16"
"10/05/2015","21","Ozone","SUSAN WAGNER HS","36-085-0067","AQS","21","20"
"10/06/2015","35","PM2.5","RICHMOND POST OFFICE","36-085-0055","AQS","25","35"
"10/07/2015","27","PM2.5","RICHMOND POST OFFICE","36-085-0055","AQS","27","27"
"10/08/2015","38","PM2.5","RICHMOND POST OFFICE","36-085-0055","AQS","31","38"
"10/09/2015","38","Ozone","SUSAN WAGNER HS","36-085-0067","AQS","38","35"
"10/10/2015","27","Ozone","SUSAN WAGNER HS","36-085-0067","AQS","27","17"
"10/11/2015","39","Ozone","SUSAN WAGNER HS","36-085-0067","AQS","39","30"
"10/12/2015","44","Ozone","SUSAN WAGNER HS","36-085-0067","AQS","44","42"
"10/13/2015","38","PM2.5","RICHMOND POST OFFICE","36-085-0055","AQS","35","38"
"10/14/2015","21","PM2.5","RICHMOND POST OFFICE","36-085-0055","AQS","15","21"
"10/15/2015","27","Ozone","SUSAN WAGNER HS","36-085-0067","AQS","27","19"
"10/16/2015","33","Ozone","SUSAN WAGNER HS","36-085-0067","AQS","33","23"
"10/17/2015","25","PM2.5","FRESHKILLS WEST","36-085-0111","AQS","24","25"
"10/18/2015","28","Ozone","SUSAN WAGNER HS","36-085-0067","AQS","28","16"
"10/19/2015","29","Ozone","SUSAN WAGNER HS","36-085-0067","AQS","29","23"
"10/20/2015","39","PM2.5","RICHMOND POST OFFICE","36-085-0055","AQS","33","39"
"10/21/2015","58","PM2.5","RICHMOND POST OFFICE","36-085-0055","AQS","39","58"
"10/22/2015","55","PM2.5","RICHMOND POST OFFICE","36-085-0055","AQS","43","55"
"10/23/2015","32","Ozone","SUSAN WAGNER HS","36-085-0067","AQS","32","14"
"10/24/2015","26","Ozone","SUSAN WAGNER HS","36-085-0067","AQS","26","16"
"10/25/2015","24","Ozone","SUSAN WAGNER HS","36-085-0067","AQS","24","18"
"10/26/2015","33","PM2.5","RICHMOND POST OFFICE","36-085-0055","AQS","15","33"
"10/27/2015","35","PM2.5","FRESHKILLS WEST","36-085-0111","AQS","23","35"
"10/28/2015","30","Ozone","SUSAN WAGNER HS","36-085-0067","AQS","30","22"
"10/29/2015","31","Ozone","SUSAN WAGNER HS","36-085-0067","AQS","31","15"
"10/30/2015","23","Ozone","SUSAN WAGNER HS","36-085-0067","AQS","23","18"
"10/31/2015","26","PM2.5","FRESHKILLS WEST","36-085-0111","AQS","24","26"
"11/01/2015","46","PM2.5","RICHMOND POST OFFICE","36-085-0055","AQS","27","46"
"11/02/2015","53","PM2.5","RICHMOND POST OFFICE","36-085-0055","AQS","13","53"
"11/03/2015","54","PM2.5","RICHMOND POST OFFICE","36-085-0055","AQS","30","54"
"11/04/2015","55","PM2.5","RICHMOND POST OFFICE","36-085-0055","AQS","35","55"
"11/05/2015","62","PM2.5","RICHMOND POST OFFICE","36-085-0055","AQS","27","62"
"11/06/2015","42","PM2.5","RICHMOND POST OFFICE","36-085-0055","AQS","25","42"
"11/07/2015","26","Ozone","SUSAN WAGNER HS","36-085-0067","AQS","26","17"
"11/08/2015","29","Ozone","SUSAN WAGNER HS","36-085-0067","AQS","29","27"
"11/09/2015","40","PM2.5","RICHMOND POST OFFICE","36-085-0055","AQS","30","40"
"11/10/2015","29","PM2.5","RICHMOND POST OFFICE","36-085-0055","AQS","21","29"
"11/11/2015","20","PM2.5","RICHMOND POST OFFICE","36-085-0055","AQS","19","20"
"11/12/2015","26","Ozone","SUSAN WAGNER HS","36-085-0067","AQS","26","20"
"11/13/2015","29","Ozone","SUSAN WAGNER HS","36-085-0067","AQS","29","23"
"11/14/2015","31","Ozone","SUSAN WAGNER HS","36-085-0067","AQS","31","20"
"11/15/2015","30","PM2.5","RICHMOND POST OFFICE","36-085-0055","AQS","29","30"
"11/16/2015","52","PM2.5","RICHMOND POST OFFICE","36-085-0055","AQS","27","52"
"11/17/2015","33","PM2.5","RICHMOND POST OFFICE","36-085-0055","AQS","20","33"
"11/18/2015","21","Ozone","SUSAN WAGNER HS","36-085-0067","AQS","21","19"
"11/19/2015","25","Ozone","SUSAN WAGNER HS","36-085-0067","AQS","25","22"
"11/20/2015","21","PM2.5","FRESHKILLS WEST","36-085-0111","AQS","21","21"
"11/21/2015","25","PM2.5","RICHMOND POST OFFICE","36-085-0055","AQS","20","25"
"11/22/2015","23","PM2.5","RICHMOND POST OFFICE","36-085-0055","AQS","14","23"
"11/23/2015","24","Ozone","SUSAN WAGNER HS","36-085-0067","AQS","24","20"
"11/24/2015","40","PM2.5","RICHMOND POST OFFICE","36-085-0055","AQS","19","40"
"11/25/2015","62","PM2.5","RICHMOND POST OFFICE","36-085-0055","AQS",".","62"
"11/26/2015","55","PM2.5","RICHMOND POST OFFICE","36-085-0055","AQS",".","55"
"11/27/2015","35","PM2.5","RICHMOND POST OFFICE","36-085-0055","AQS",".","35"
"11/28/2015","36","PM2.5","FRESHKILLS WEST","36-085-0111","AQS",".","36"
"11/29/2015","22","PM2.5","FRESHKILLS WEST","36-085-0111","AQS",".","22"
"11/30/2015","37","PM2.5","FRESHKILLS WEST","36-085-0111","AQS",".","37"
"12/01/2015","24","PM2.5","RICHMOND POST OFFICE","36-085-0055","AQS",".","24"
"12/02/2015","41","PM2.5","RICHMOND POST OFFICE","36-085-0055","AQS",".","41"
"12/03/2015","30","PM2.5","FRESHKILLS WEST","36-085-0111","AQS",".","30"
"12/04/2015","36","PM2.5","FRESHKILLS WEST","36-085-0111","AQS",".","36"
"12/05/2015","57","PM2.5","RICHMOND POST OFFICE","36-085-0055","AQS",".","57"
"12/06/2015","60","PM2.5","RICHMOND POST OFFICE","36-085-0055","AQS",".","60"
"12/07/2015","67","PM2.5","FRESHKILLS WEST","36-085-0111","AQS",".","67"
"12/08/2015","55","PM2.5","RICHMOND POST OFFICE","36-085-0055","AQS",".","55"
"12/09/2015","60","PM2.5","RICHMOND POST OFFICE","36-085-0055","AQS",".","60"
"12/10/2015","58","PM2.5","RICHMOND POST OFFICE","36-085-0055","AQS",".","58"
"12/11/2015","71","PM2.5","RICHMOND POST OFFICE","36-085-0055","AQS",".","71"
"12/12/2015","82","PM2.5","RICHMOND POST OFFICE","36-085-0055","AQS",".","82"
"12/13/2015","73","PM2.5","RICHMOND POST OFFICE","36-085-0055","AQS",".","73"
"12/14/2015","44","PM2.5","RICHMOND POST OFFICE","36-085-0055","AQS",".","44"
"12/15/2015","21","PM2.5","FRESHKILLS WEST","36-085-0111","AQS",".","21"
"12/16/2015","27","PM2.5","FRESHKILLS WEST","36-085-0111","AQS",".","27"
"12/17/2015","28","PM2.5","RICHMOND POST OFFICE","36-085-0055","AQS",".","28"
"12/18/2015","35","PM2.5","RICHMOND POST OFFICE","36-085-0055","AQS",".","35"
"12/19/2015","35","PM2.5","RICHMOND POST OFFICE","36-085-0055","AQS",".","35"
"12/20/2015","43","PM2.5","RICHMOND POST OFFICE","36-085-0055","AQS",".","43"
"12/21/2015","38","PM2.5","FRESHKILLS WEST","36-085-0111","AQS",".","38"
"12/22/2015","43","PM2.5","FRESHKILLS WEST","36-085-0111","AQS",".","43"
"12/23/2015","49","PM2.5","RICHMOND POST OFFICE","36-085-0055","AQS",".","49"
"12/24/2015","45","PM2.5","RICHMOND POST OFFICE","36-085-0055","AQS",".","45"
"12/25/2015","54","PM2.5","RICHMOND POST OFFICE","36-085-0055","AQS",".","54"
"12/26/2015","33","PM2.5","FRESHKILLS WEST","36-085-0111","AQS",".","33"
"12/27/2015","34","PM2.5","FRESHKILLS WEST","36-085-0111","AQS",".","34"
"12/28/2015","20","PM2.5","FRESHKILLS WEST","36-085-0111","AQS",".","20"
"12/29/2015","26","PM2.5","FRESHKILLS WEST","36-085-0111","AQS",".","26"
"12/30/2015","34","PM2.5","FRESHKILLS WEST","36-085-0111","AQS",".","34"
"12/31/2015","40","PM2.5","RICHMOND POST OFFICE","36-085-0055","AQS",".","40"
