"boro","disease","yr","count","rate"
0,"Gonorrhea",2000,0,"."
0,"Gonorrhea",2001,0,"."
0,"Gonorrhea",2002,0,"."
0,"Gonorrhea",2003,0,"."
0,"Gonorrhea",2004,0,"."
0,"Gonorrhea",2005,0,"."
0,"Gonorrhea",2006,0,"."
0,"Gonorrhea",2007,0,"."
0,"Gonorrhea",2008,0,"."
0,"Gonorrhea",2009,0,"."
0,"Gonorrhea",2010,0,"."
0,"Gonorrhea",2011,0,"."
0,"Gonorrhea",2012,0,"."
0,"Gonorrhea",2013,0,"."
0,"Gonorrhea",2014,0,"."
0,"Gonorrhea",2015,0,"."
0,"Gonorrhea",2016,0,"."
1,"Gonorrhea",2000,2788,208.9
1,"Gonorrhea",2001,2918,216.7
1,"Gonorrhea",2002,3014,221.8
1,"Gonorrhea",2003,2973,218.2
1,"Gonorrhea",2004,2312,170.1
1,"Gonorrhea",2005,2319,171.6
1,"Gonorrhea",2006,2135,158.4
1,"Gonorrhea",2007,2384,176.1
1,"Gonorrhea",2008,2627,192.7
1,"Gonorrhea",2009,3029,220.1
1,"Gonorrhea",2010,3273,236.0
1,"Gonorrhea",2011,3751,267.9
1,"Gonorrhea",2012,3633,256.8
1,"Gonorrhea",2013,3511,246.1
1,"Gonorrhea",2014,3042,211.6
1,"Gonorrhea",2015,3609,249.0
1,"Gonorrhea",2016,3696,253.9
2,"Gonorrhea",2000,4196,170.0
2,"Gonorrhea",2001,4699,189.2
2,"Gonorrhea",2002,4646,186.5
2,"Gonorrhea",2003,4964,199.5
2,"Gonorrhea",2004,4176,168.5
2,"Gonorrhea",2005,3865,156.5
2,"Gonorrhea",2006,3871,157.0
2,"Gonorrhea",2007,3804,153.7
2,"Gonorrhea",2008,3307,132.3
2,"Gonorrhea",2009,3514,138.8
2,"Gonorrhea",2010,3948,154.4
2,"Gonorrhea",2011,4531,178.1
2,"Gonorrhea",2012,4567,177.5
2,"Gonorrhea",2013,3901,150.3
2,"Gonorrhea",2014,4058,155.3
2,"Gonorrhea",2015,4984,189.9
2,"Gonorrhea",2016,5855,222.7
3,"Gonorrhea",2000,2677,173.8
3,"Gonorrhea",2001,2795,179.7
3,"Gonorrhea",2002,2985,191.9
3,"Gonorrhea",2003,3335,213.5
3,"Gonorrhea",2004,2495,158.9
3,"Gonorrhea",2005,2371,150.7
3,"Gonorrhea",2006,2405,152.4
3,"Gonorrhea",2007,2137,135.1
3,"Gonorrhea",2008,2470,155.6
3,"Gonorrhea",2009,2356,148.8
3,"Gonorrhea",2010,2870,180.9
3,"Gonorrhea",2011,3432,213.2
3,"Gonorrhea",2012,3854,237.2
3,"Gonorrhea",2013,3816,234.0
3,"Gonorrhea",2014,4490,274.7
3,"Gonorrhea",2015,5515,336.0
3,"Gonorrhea",2016,6345,386.0
4,"Gonorrhea",2000,1876,84.1
4,"Gonorrhea",2001,2007,89.9
4,"Gonorrhea",2002,1959,87.9
4,"Gonorrhea",2003,1958,88.2
4,"Gonorrhea",2004,1702,77.1
4,"Gonorrhea",2005,1839,83.8
4,"Gonorrhea",2006,1719,78.7
4,"Gonorrhea",2007,1802,82.2
4,"Gonorrhea",2008,1873,84.8
4,"Gonorrhea",2009,1808,80.9
4,"Gonorrhea",2010,2021,89.7
4,"Gonorrhea",2011,2356,104.3
4,"Gonorrhea",2012,2350,103.2
4,"Gonorrhea",2013,1964,85.5
4,"Gonorrhea",2014,2153,93.0
4,"Gonorrhea",2015,2496,107.3
4,"Gonorrhea",2016,2810,120.4
5,"Gonorrhea",2000,132,29.6
5,"Gonorrhea",2001,195,43.4
5,"Gonorrhea",2002,207,45.7
5,"Gonorrhea",2003,238,52.2
5,"Gonorrhea",2004,175,38.3
5,"Gonorrhea",2005,202,44.2
5,"Gonorrhea",2006,169,36.9
5,"Gonorrhea",2007,183,39.8
5,"Gonorrhea",2008,206,44.4
5,"Gonorrhea",2009,191,40.9
5,"Gonorrhea",2010,242,51.6
5,"Gonorrhea",2011,333,70.7
5,"Gonorrhea",2012,343,72.8
5,"Gonorrhea",2013,308,65.2
5,"Gonorrhea",2014,235,49.7
5,"Gonorrhea",2015,309,65.2
5,"Gonorrhea",2016,323,67.9

